subject,nbackLevel,group,target,lure repeat,nonrepeat,target facilitation,target repeat,lure_interference_rt,lure_facilitation_rt,distractor_category
3,2,Children,f,0.143679474658056,0.0388442067458433,0.343911791503507,,0.104835267912213,,objects
3,2,Children,o,0.0528002666678368,0.101555843240618,0.199466120137456,0.101389770849833,-0.0487555765727812,-0.0980763492876227,faces
5,2,Children,f,0.00727437009190294,0.127364095103504,0.136342398639103,0.101012071479398,-0.120089725011601,-0.0353303271597049,objects
5,2,Children,o,0.236744093083363,0.123413480131643,-0.0719451786317406,-0.140306360925435,0.113330612951721,-0.0683611822936944,faces
6,2,Children,f,0.299070365788467,0.232548277279337,0.134943656061051,0.124166237625777,0.0665220885091304,-0.0107774184352738,objects
6,2,Children,o,0.244236020329365,0.204547659904034,,0.258854953531358,0.0396883604253314,,faces
8,2,Children,f,0.107177196011912,0.181173603225629,-0.556099478504841,0.0305360513283861,-0.0739964072137175,0.586635529833227,objects
8,2,Children,o,0.228100177113989,0.126560984241753,-0.205331484434469,0.253470616639875,0.101539192872236,0.458802101074344,faces
12,1,Children,f,0.185481043238538,0.10713413306181,0.052460717947559,0.109433617712255,0.0783469101767282,0.0569728997646964,objects
12,1,Children,o,-0.00172794417865389,0.091998668471362,0.33637117099119,0.193479233620018,-0.0937266126500159,-0.142891937371172,faces
13,1,Children,f,-0.217777323696532,-0.33322237661827,-0.414438720523313,-0.145202742986514,0.115445052921738,0.269235977536798,objects
13,1,Children,o,-0.380282387394082,-0.288538104135553,-0.00485090971743898,-0.168293730609994,-0.0917442832585285,-0.163442820892555,faces
14,2,Children,f,0.301056937917165,0.110707113834874,0.25591501035937,0.268826227974433,0.190349824082291,0.0129112176150633,objects
14,2,Children,o,0.215044048452553,0.216135097824301,0.158957149195018,0.325253777871309,-0.00109104937174823,0.166296628676291,faces
15,1,Children,f,0.182815673172303,-0.0584803726456954,-0.105507766007858,0.162111969710511,0.241296045817999,0.26761973571837,objects
15,1,Children,o,0.107620283987471,-0.022713935870823,0.0959495437097479,0.126342510648476,0.130334219858294,0.0303929669387277,faces
16,1,Children,f,-0.132118628034023,-0.113792067814662,-0.276873448776115,-0.131726291534566,-0.0183265602193601,0.14514715724155,objects
16,1,Children,o,-0.183924729062515,-0.0234374144084951,-0.0988695178766053,-0.245334197273346,-0.16048731465402,-0.146464679396741,faces
21,1,Children,f,-0.371414564967478,-0.422463377488901,-0.437574267431364,-0.337477681193843,0.0510488125214231,0.100096586237521,objects
21,1,Children,o,-0.374344476992123,-0.434278375901742,-0.232507164050324,-0.310092134960135,0.0599338989096191,-0.0775849709098105,faces
22,2,Children,f,0.176500524487373,0.159613505079441,0.118839014481599,-0.0107991845188592,0.0168870194079329,-0.129638199000458,objects
22,2,Children,o,0.132865486510103,0.185937101771283,0.212816380104439,0.117956983525813,-0.0530716152611805,-0.0948593965786264,faces
24,1,Children,f,-0.158475586667975,-0.183882607109315,-0.212337275890551,-0.36159774065189,0.0254070204413391,-0.14926046476134,objects
24,1,Children,o,-0.24609244435528,-0.20881247351962,-0.38723322638078,-0.191531918159028,-0.03727997083566,0.195701308221752,faces
26,2,Children,f,-0.122232243882803,-0.124177786969773,,,0.00194554308697029,,objects
26,2,Children,o,-0.214040719592964,-0.144894866900405,-0.274790221904178,-0.00186537908881959,-0.0691458526925586,0.272924842815358,faces
28,2,Children,f,-0.274293048076907,-0.114729156560743,,0.0270363922915908,-0.159563891516164,,objects
28,2,Children,o,-0.109638846203925,-0.0841722673106111,-0.123928532058133,-0.164087233253199,-0.0254665788933137,-0.0401587011950659,faces
30,2,Children,f,0.254642023614663,0.115473231761173,0.279025309085717,0.176495993913761,0.13916879185349,-0.102529315171957,objects
30,2,Children,o,0.164940468352209,0.137618545754589,0.0967433456759958,0.279987157357734,0.0273219225976202,0.183243811681738,faces
31,1,Children,f,-0.145746469765652,-0.0473327313504401,-0.243560311441686,-0.187981082210861,-0.0984137384152123,0.0555792292308249,objects
31,1,Children,o,-0.136315731412664,-0.0754972874658887,-0.130657999773354,-0.0979376762280325,-0.0608184439467756,0.0327203235453216,faces
32,1,Children,f,-0.0279619856139524,0.134101443313493,-0.243745764126516,0.197792374988607,-0.162063428927446,0.441538139115123,objects
32,1,Children,o,0.193174731937651,0.0996549518094937,0.224913055477623,-0.00922304807386838,0.0935197801281574,-0.234136103551491,faces
33,1,Children,f,0.0596143377067427,-0.14075977943371,-0.0185144754847324,0.0438426347560389,0.200374117140453,0.0623571102407713,objects
33,1,Children,o,0.115410889975872,-0.19092688760709,0.00680153149453953,0.0621593437017491,0.306337777582962,0.0553578122072096,faces
34,1,Children,f,0.19477063380158,0.150951900389712,-0.258901063331621,-0.228748406311497,0.0438187334118683,0.0301526570201236,objects
34,1,Children,o,0.162574217778875,0.0827093115297697,-0.170739648286692,0.0115186165983118,0.0798649062491054,0.182258264885004,faces
36,1,Children,f,0.126570878368677,0.0650587698056873,-0.000300598237885003,0.0978104117258005,0.0615121085629893,0.0981110099636855,objects
36,1,Children,o,0.118534245045901,0.0867446951193155,0.047142591497529,0.0190793755941395,0.0317895499265856,-0.0280632159033895,faces
37,1,Children,f,0.236927009220773,0.16849359915094,0.127234439614754,0.161776975675111,0.0684334100698337,0.0345425360603574,objects
37,1,Children,o,0.27985804238399,0.203131456996047,-0.109033912160431,0.124676181794818,0.0767265853879431,0.233710093955249,faces
39,1,Children,f,0.158541747691356,-0.0152838408352439,-0.123326909620924,0.183422506797994,0.1738255885266,0.306749416418919,objects
39,1,Children,o,0.0475286369214575,0.0795074484470915,-0.0182050209080166,-0.0945362593313981,-0.0319788115256341,-0.0763312384233814,faces
40,2,Children,f,0.133344941924633,-0.152657513784754,0.022955327277572,-0.0893264982164376,0.286002455709387,-0.11228182549401,objects
40,2,Children,o,-0.0326236246043035,-0.0782831752391427,0.0175365814185664,0.205140385640941,0.0456595506348392,0.187603804222374,faces
41,1,Children,f,0.0444778157196637,0.00437807295017377,-0.269976149006316,-0.142912531617301,0.0400997427694899,0.127063617389015,objects
41,1,Children,o,0.0221064141207474,-0.054834538485826,0.0213138668574485,-0.0700312823178106,0.0769409526065734,-0.0913451491752591,faces
43,1,Children,f,0.240977834850898,0.126842445589419,0.118135899787117,0.19702106563695,0.114135389261479,0.0788851658498325,objects
43,1,Children,o,0.238635153075694,0.160423539005455,0.2465406449202,0.127442381779447,0.0782116140702389,-0.119098263140753,faces
47,1,Children,f,-0.128109606015721,-0.387937091849071,-0.058382023629043,-0.227610893765542,0.25982748583335,-0.169228870136499,objects
47,1,Children,o,-0.312232213428552,-0.231520259675194,0.0874818565058153,-0.0712855661360993,-0.0807119537533581,-0.158767422641915,faces
48,1,Children,f,0.263648879280343,0.325069069666707,-0.066694822083317,0.116212193618701,-0.0614201903863634,0.182907015702018,objects
48,1,Children,o,0.273555493900845,0.262937875602414,0.23796751841047,0.163875305892726,0.0106176182984308,-0.0740922125177434,faces
49,1,Children,f,0.037438161201927,0.136999197322598,-0.0470290008231113,0.0482051832444329,-0.099561036120671,0.0952341840675442,objects
49,1,Children,o,0.136093479521117,0.117667624167372,0.125133762198707,0.0139200597921532,0.0184258553537447,-0.111213702406554,faces
54,2,Children,f,0.177374163329425,0.0321755141194875,,0.579558697291236,0.145198649209938,,objects
54,2,Children,o,0.0575123345143946,0.0199086637884985,0.0088148910782491,0.181068652873635,0.0376036707258961,0.172253761795386,faces
56,1,Children,f,-0.00245489001405036,0.0136676229134816,0.0388855149929794,0.30054383775752,-0.016122512927532,0.261658322764541,objects
56,1,Children,o,0.0759199380057419,-0.00824953553758406,0.340833035733025,0.153951952321704,0.0841694735433259,-0.186881083411321,faces
57,1,Children,f,0.46408601309056,0.206061096780902,0.0433457172253628,0.401326058312242,0.258024916309658,0.357980341086879,objects
57,1,Children,o,0.22436224978545,0.291562358451627,-0.00761284350666204,0.188539026370522,-0.0672001086661767,0.196151869877184,faces
59,1,Children,f,-0.343409131471814,-0.00789362254816379,-0.212616476974553,-0.046345826291494,-0.33551550892365,0.166270650683059,objects
59,1,Children,o,-0.0318361454650685,-0.0565420784318275,-0.180626930267281,-0.160837100264316,0.024705932966759,0.0197898300029652,faces
61,1,Children,f,-0.147976621262131,-0.173680735375069,-0.107077458597826,-0.139482802299373,0.0257041141129377,-0.0324053437015467,objects
61,1,Children,o,-0.22489211881942,-0.0697416722926677,0.114536300425958,0.158751744873649,-0.155150446526752,0.0442154444476919,faces
62,1,Children,f,0.0112943526340123,-0.0278486749262327,-0.0858724631683621,-0.158068234843987,0.039143027560245,-0.0721957716756251,objects
62,1,Children,o,0.0342322775306753,-0.0270737160270287,-0.098822233792837,-0.0249189890316997,0.061305993557704,0.0739032447611373,faces
63,2,Adults,f,0.339035583865096,0.348832587290506,0.179356212762413,0.00693754991492627,-0.00979700342541068,-0.172418662847487,objects
63,2,Adults,o,0.27575612488312,0.343230075973193,0.134004087614348,0.19016808428709,-0.0674739510900732,0.0561639966727424,faces
65,2,Adults,f,-0.283715010370089,-0.146998163736794,0.0914916996796065,-0.0796333269793088,-0.136716846633295,-0.171125026658915,objects
65,2,Adults,o,-0.14786604618596,-0.193267773205197,-0.0912444069482712,,0.0454017270192365,,faces
69,2,Adults,f,0.162034846446121,0.0499625647914682,-0.260592888573324,-0.123406719603542,0.112072281654653,0.137186168969782,objects
69,2,Adults,o,0.163396814495484,0.0270626713361549,0.147769731327802,-0.257417056282739,0.136334143159329,-0.405186787610541,faces
70,2,Adults,f,-0.330539976809427,-0.34564417685979,-0.240231964856733,-0.281955256278133,0.0151042000503637,-0.0417232914213996,objects
70,2,Adults,o,-0.320242554710159,-0.330537393129374,-0.704834031593299,-0.404689020875583,0.0102948384192157,0.300145010717716,faces
71,2,Adults,f,-0.183599787876542,-0.262822171665855,-0.774837905343574,-0.253793522772699,0.0792223837893131,0.521044382570874,objects
71,2,Adults,o,-0.152918814358766,-0.219652815599368,-0.335713247454388,-0.10995195792637,0.0667340012406014,0.225761289528018,faces
72,1,Adults,f,-0.40536771309606,-0.513848767050353,-0.604939042045353,-0.442717346394311,0.108481053954293,0.162221695651042,objects
72,1,Adults,o,-0.493741115751238,-0.439435761625933,-0.583949697850512,-0.531817383803426,-0.0543053541253047,0.0521323140470856,faces
73,2,Adults,f,0.00929796990107853,-0.0866219841986395,-0.00846927287084934,-0.0688137463895408,0.095919954099718,-0.0603444735186915,objects
73,2,Adults,o,0.0324857389755449,-0.00265244532845004,-0.129700305318033,-0.292288535648729,0.0351381843039949,-0.162588230330696,faces
78,2,Adults,f,0.114834453055642,0.1687954830048,-0.445478775832385,-0.0324229887440714,-0.053961029949158,0.413055787088314,objects
78,2,Adults,o,0.170768378750578,0.218522653553643,-0.483898233253895,0.0838086686232037,-0.0477542748030646,0.567706901877099,faces
79,2,Adults,f,-0.447408764839246,-0.328546387836238,-0.339862232555522,-0.462746363737581,-0.118862377003007,-0.122884131182059,objects
79,2,Adults,o,-0.362703538192837,-0.28584715313263,-0.631420745466333,-0.529380472208092,-0.0768563850602076,0.102040273258241,faces
84,1,Children,f,0.0405122721436084,-0.0115809946218939,-0.302812059711243,-0.052140072116139,0.0520932667655023,0.250671987595104,objects
84,1,Children,o,0.0307785677270593,-0.0221890145960394,-0.130818448117483,-0.13959813014153,0.0529675823230987,-0.00877968202404744,faces
88,1,Children,f,0.0242055547449383,-0.0161399072874071,-0.142164777133621,-0.0137600389224783,0.0403454620323454,0.128404738211143,objects
88,1,Children,o,0.0602721277248761,-0.0222492928112512,-0.149451461582462,-0.0829729775574031,0.0825214205361274,0.0664784840250593,faces
89,1,Children,f,-0.346254756878612,-0.401834100951417,-0.44557550471591,-0.330056350544549,0.0555793440728051,0.115519154171361,objects
89,1,Children,o,-0.361861903740916,-0.385453662523201,-0.416329626207545,-0.530154210178054,0.0235917587822852,-0.113824583970509,faces
91,2,Adults,f,-0.445120156771707,-0.245980541853803,-0.496386734265186,-0.256102903215244,-0.199139614917905,0.240283831049942,objects
91,2,Adults,o,-0.281558005107991,-0.298469996524486,-0.522270910279551,-0.146646781432256,0.016911991416495,0.375624128847295,faces
92,1,Children,f,-0.0560171505979179,-0.144101615109143,-0.0337572936907737,-0.0571455817914562,0.0880844645112247,-0.0233882881006825,objects
92,1,Children,o,-0.0837244442169351,-0.0945936414313426,-0.280609005444413,-0.226174496175745,0.0108691972144076,0.0544345092686678,faces
93,2,Children,f,-0.204161202460526,0.00118470867886545,-0.17551952133819,0.0838881939773031,-0.205345911139391,0.259407715315493,objects
93,2,Children,o,-0.101190756984978,-0.0204827921319887,0.0677562505021057,0.0843879981378832,-0.0807079648529892,0.0166317476357775,faces
95,1,Children,f,0.0828601831638221,-0.0550536738944633,-0.0886535814332814,0.399319833681983,0.137913857058285,0.487973415115264,objects
95,1,Children,o,-0.0673830700144523,-0.0587107250927911,-0.000455629968849052,0.0299489309357166,-0.00867234492166122,0.0304045609045657,faces
96,1,Children,f,0.311671540154029,0.149214536051884,-0.0765347475046709,0.0324278274530955,0.162457004102144,0.108962574957766,objects
96,1,Children,o,0.238800616555754,0.203594210718978,-0.0489931075832983,-0.0483360095280028,0.035206405836776,0.000657098055295492,faces
97,1,Children,f,-0.00565841881972964,-0.00177584903498793,-0.261954451968351,-0.0656229448812579,-0.00388256978474171,0.196331507087093,objects
97,1,Children,o,-0.0559672356608166,0.0213415807632002,-0.137269406128595,-0.107251383058783,-0.0773088164240168,0.0300180230698123,faces
98,1,Children,f,-0.156410121734356,-0.131907690988066,-0.344258053310163,-0.0652538985528551,-0.0245024307462904,0.279004154757308,objects
98,1,Children,o,-0.131169072274308,-0.0767317377155844,-0.0821793135443567,-0.178376250116106,-0.0544373345587238,-0.0961969365717493,faces
99,2,Children,f,-0.195847611924481,0.00997360263796059,-0.070721710837487,,-0.205821214562442,,objects
99,2,Children,o,-0.00231030314942065,-0.00263674763021966,,-0.0726358576074253,0.00032644448079901,,faces
100,1,Children,f,-0.130884384211504,-0.362154728505738,-0.385961323986411,-0.0178219795267417,0.231270344294234,0.368139344459669,objects
100,1,Children,o,-0.285613219686996,-0.194660749121552,-0.36346500860413,-0.0546557276418844,-0.0909524705654445,0.308809280962246,faces
104,1,Children,f,0.287734879535974,0.101799836681191,-0.0581241974932532,0.191259584486017,0.185935042854783,0.249383781979271,objects
104,1,Children,o,0.0915600140305446,0.148905383443809,0.0933864291403651,0.194320164499212,-0.0573453694132645,0.100933735358847,faces
108,1,Children,f,0.139409914915377,0.124520331954696,-0.0731292499803061,0.0660612182685746,0.0148895829606808,0.139190468248881,objects
108,1,Children,o,0.2753482544178,0.11168030001083,-0.041335637891945,0.017202562715077,0.16366795440697,0.058538200607022,faces
113,2,Children,f,0.260549804590674,0.170165305456876,0.2809005994075,0.21852542518086,0.0903844991337975,-0.0623751742266401,objects
113,2,Children,o,0.155522456655889,0.186293675559531,0.299946252854217,0.211814471536019,-0.0307712189036421,-0.0881317813181982,faces
116,1,Children,f,0.24877920737076,0.166967745143831,0.100028792298715,-0.242802005542791,0.0818114622269297,-0.342830797841506,objects
116,1,Children,o,0.184184894972771,0.116024869252539,0.00454530767700683,-0.0597126655552383,0.0681600257202323,-0.0642579732322452,faces
123,2,Adults,f,-0.52090919763529,-0.436031726100917,-0.416368399052399,-0.325135717199847,-0.084877471534373,0.0912326818525514,objects
123,2,Adults,o,-0.414107052751044,-0.378977775826233,-0.332387967968063,-0.572183197394142,-0.0351292769248112,-0.239795229426079,faces
124,1,Children,f,-0.13961933647156,-0.185543801464603,-0.467859113368557,-0.14710780369733,0.0459244649930427,0.320751309671227,objects
124,1,Children,o,-0.252738260863402,-0.143456548253027,-0.38563825751528,-0.152637409615018,-0.109281712610375,0.233000847900262,faces
125,1,Children,f,0.109934688995368,0.154518646200611,-0.184049527900306,-0.0332747037185302,-0.0445839572052428,0.150774824181776,objects
125,1,Children,o,0.187991294152797,0.0881591208120703,0.0726864062827951,0.0101110735206899,0.0998321733407267,-0.0625753327621052,faces
127,2,Adults,f,-0.0765872154646942,-0.153593098058184,-0.043305545417952,0.0258158965677755,0.0770058825934894,0.0691214419857274,objects
127,2,Adults,o,-0.16675957055242,-0.126357862309636,-0.218835033276911,-0.0447214488402974,-0.0404017082427837,0.174113584436614,faces
128,2,Adults,f,0.0166023601494713,-0.0533020401276074,-0.165706089732783,0.0440179574651643,0.0699044002770788,0.209724047197947,objects
128,2,Adults,o,-0.0185762593370907,-0.0561614733938514,-0.203339219634396,-0.0141542724943547,0.0375852140567607,0.189184947140041,faces
131,2,Adults,f,-0.628929887540236,-0.646730378386013,-0.266094134903177,-0.711794870153227,0.0178004908457764,-0.44570073525005,objects
131,2,Adults,o,-0.549949157353773,-0.676758783977498,-0.728302566824318,-0.556626323223541,0.126809626623725,0.171676243600777,faces
134,1,Adults,f,-0.580733657955767,-0.506099106024028,-0.548105028056256,-0.597805252357933,-0.0746345519317385,-0.0497002243016768,objects
134,1,Adults,o,-0.503117919832474,-0.507676793701079,-0.487455708500106,-0.558540149418248,0.00455887386860521,-0.071084440918142,faces
135,1,Adults,f,-0.545760256097576,-0.455145692023645,-0.672697547170452,-0.469135797661441,-0.090614564073931,0.20356174950901,objects
135,1,Adults,o,-0.495258823788533,-0.516819915008016,-0.439795317396551,-0.4305067922772,0.0215610912194827,0.0092885251193513,faces
137,1,Children,f,0.0516170593349099,0.0397666647288163,0.0989228205882451,0.170227625650548,0.0118503946060936,0.0713048050623033,objects
137,1,Children,o,0.17364120002766,0.0424148869076725,0.139632490990737,0.170113731289061,0.131226313119988,0.0304812402983242,faces
138,2,Adults,f,-0.46295966715819,-0.457213379799662,-0.205766146005328,-0.123164244239049,-0.00574628735852711,0.082601901766279,objects
138,2,Adults,o,-0.42224778991129,-0.474707031122929,-0.24353816436848,-0.26125679447246,0.052459241211639,-0.0177186301039798,faces
139,1,Children,f,-0.0312401579013952,0.0615043494302658,-0.14455959126292,-0.127719847997165,-0.092744507331661,0.0168397432657552,objects
139,1,Children,o,0.0354711548777387,0.148347186326206,-0.201258370466369,-0.0908457908235156,-0.112876031448467,0.110412579642854,faces
140,1,Adults,f,-0.444519616307381,-0.634126705070946,-0.427512493364748,-0.552582942009153,0.189607088763564,-0.125070448644405,objects
140,1,Adults,o,-0.520886920147042,-0.592397265436425,-0.608031436881586,-0.467044069587416,0.0715103452893835,0.14098736729417,faces
143,1,Adults,f,-0.92318118912875,-0.448594265034988,-0.407889333938345,-0.650176110788397,-0.474586924093762,-0.242286776850052,objects
143,1,Adults,o,-0.46169142249491,-0.438014100053596,-0.462163221030763,-0.394655692971121,-0.0236773224413143,0.0675075280596413,faces
145,2,Adults,f,-0.319427347623228,-0.355293835327679,-0.521528971089907,-0.155380938734089,0.0358664877044501,0.366148032355818,objects
145,2,Adults,o,-0.343342061338311,-0.325554947927979,0.021722493587725,-0.196964162340474,-0.0177871134103315,-0.218686655928199,faces
146,2,Adults,f,-0.505947894800348,-0.52159162814547,-0.124008333125044,-0.268385024446964,0.0156437333451219,-0.14437669132192,objects
146,2,Adults,o,-0.53006632116573,-0.429550925542397,-0.342068179437748,-0.301261912409642,-0.100515395623333,0.0408062670281057,faces
147,1,Children,f,0.110091387573916,0.118731936304332,-0.155435642589853,0.255692213799957,-0.00864054873041638,0.41112785638981,objects
147,1,Children,o,0.0841679814170182,0.106172660128745,0.140522170252656,0.112091927077311,-0.0220046787117267,-0.0284302431753452,faces
149,2,Children,f,-0.101537219395396,-0.225016038842577,-0.401348592924137,-0.363924579302433,0.123478819447181,0.0374240136217043,objects
149,2,Children,o,-0.144089489796921,-0.13712145642046,0.0767903666517815,-0.378158104145821,-0.00696803337646121,-0.454948470797602,faces
150,1,Adults,f,-0.510359054533832,-0.435571779997694,-0.576678873971081,-0.371238078894996,-0.0747872745361387,0.205440795076085,objects
150,1,Adults,o,-0.389052045138333,-0.456890904474846,-0.461162712066977,-0.480047532690436,0.0678388593365131,-0.0188848206234591,faces
151,2,Adults,f,-0.375104078134365,-0.414902545562709,-0.273718599688408,-0.415126384343465,0.0397984674283446,-0.141407784655057,objects
151,2,Adults,o,-0.389404637763908,-0.42627813455583,-0.293615227312559,-0.349436273788488,0.0368734967919227,-0.0558210464759293,faces
152,2,Adults,f,0.16526176960462,0.149045254855179,0.225929578091471,-0.150649675958572,0.016216514749441,-0.376579254050043,objects
152,2,Adults,o,0.193364725112189,0.210662674546809,-0.0566116625202657,-0.131372285823793,-0.0172979494346203,-0.074760623303527,faces
154,2,Adults,f,-0.636467973536462,-0.610597443962312,-0.414200645185353,-0.552305073259487,-0.0258705295741499,-0.138104428074134,objects
154,2,Adults,o,-0.557024755574019,-0.694190373523637,-0.650426102320817,-0.398132176514744,0.137165617949618,0.252293925806073,faces
155,2,Adults,f,0.010993385041202,-0.0233537337950578,-0.126324666681145,-0.301717388452846,0.0343471188362598,-0.175392721771701,objects
155,2,Adults,o,-0.0686454337088737,-0.0496582355512896,-0.107665105521659,-0.0359323865295291,-0.0189871981575841,0.0717327189921299,faces
158,2,Adults,f,-0.585607584762614,-0.413585357989738,-0.487221857909584,-0.399955412034816,-0.172022226772876,0.0872664458747676,objects
158,2,Adults,o,-0.406750582550088,-0.369534639146983,-0.210756189903002,-0.678070306754052,-0.0372159434031045,-0.46731411685105,faces
159,2,Adults,f,0.104762544978131,0.0245243468561686,-0.000837985332052975,0.0117185865595967,0.0802381981219621,0.0125565718916497,objects
159,2,Adults,o,0.0470296940457023,0.104340811263124,-0.0614324050385666,-0.157992975583565,-0.0573111172174221,-0.0965605705449988,faces
160,1,Adults,f,-0.252986229393365,-0.29947292960818,-0.190341022468254,-0.0331700606789639,0.046486700214815,0.15717096178929,objects
160,1,Adults,o,-0.240099377123733,-0.262019643424071,-0.170503107761388,-0.153044609932941,0.0219202663003384,0.0174584978284474,faces
161,2,Adults,f,-0.374006757769521,-0.295759560224892,-0.60240989296623,-0.331560416154664,-0.0782471975446297,0.270849476811567,objects
161,2,Adults,o,-0.287482184106398,-0.282603790773829,-0.15340086007362,-0.469331511709612,-0.00487839333256862,-0.315930651635992,faces
162,2,Adults,f,-0.28540427425672,-0.184747091778898,0.21395617365661,-0.286744915646596,-0.100657182477822,-0.500701089303205,objects
162,2,Adults,o,-0.220362302616531,-0.123436540258806,-0.507252550288072,-0.308481163847973,-0.0969257623577252,0.198771386440098,faces
163,1,Adults,f,-0.483355765387784,-0.473868982256982,-0.530132486357793,-0.516323290945188,-0.00948678313080192,0.0138091954126048,objects
163,1,Adults,o,-0.4774258320465,-0.499264995431905,-0.481797227766407,-0.462500217517664,0.0218391633854042,0.0192970102487422,faces
164,2,Adults,f,-0.357826089732023,-0.38372179573767,-0.359687722775012,-0.178218211706336,0.0258957060056475,0.181469511068676,objects
164,2,Adults,o,-0.253147493465592,-0.382152009298729,-0.332814812182996,-0.386946689602316,0.129004515833137,-0.0541318774193202,faces
166,2,Adults,f,-0.176306743265825,-0.0979760719448922,-0.2559632028086,0.0656395773158018,-0.0783306713209331,0.321602780124401,objects
166,2,Adults,o,-0.17407834317287,-0.148834313974166,0.223370656992583,-0.0121030643297293,-0.0252440291987045,-0.235473721322312,faces
167,1,Adults,f,-0.17783573360608,-0.275430550379661,-0.502146614397741,-0.385943603144868,0.097594816773581,0.116203011252873,objects
167,1,Adults,o,-0.0755982373934853,-0.244915064469118,-0.374959639768162,-0.470058954187516,0.169316827075633,-0.0950993144193535,faces
168,1,Adults,f,0.00889792797178753,-0.0352052935983386,-0.374939510336074,-0.276276107520035,0.0441032215701261,0.0986634028160391,objects
168,1,Adults,o,-0.0888445867450373,-0.0266649824244837,-0.321438222423934,-0.284547406250272,-0.0621796043205536,0.0368908161736619,faces
169,1,Adults,f,-0.0462489018024444,0.00188476756349007,-0.242786930808783,-0.228136015488519,-0.0481336693659345,0.0146509153202646,objects
169,1,Adults,o,-0.0830769855315988,-0.0247981665882586,-0.081985035026534,-0.157831305698756,-0.0582788189433402,-0.0758462706722224,faces
170,1,Adults,f,-0.102190556079419,-0.145660441141907,-0.267615525608691,-0.162252499432156,0.0434698850624876,0.105363026176535,objects
170,1,Adults,o,-0.0664781886272857,-0.198662332854636,-0.29320710225142,-0.0231328319046913,0.13218414422735,0.270074270346728,faces
171,1,Adults,f,-0.229085082155166,-0.301451611329664,-0.315881977992617,-0.254026887621442,0.0723665291744973,0.0618550903711746,objects
171,1,Adults,o,-0.226362683069013,-0.256709098786674,-0.345989727004689,-0.184843931787174,0.0303464157176613,0.161145795217514,faces
172,2,Adults,f,-0.221244231591575,-0.196959829209584,-0.102933360194418,0.198740914670361,-0.0242844023819914,0.301674274864779,objects
172,2,Adults,o,-0.185637210404451,-0.169096095101727,-0.120347093728672,-0.135521999534,-0.016541115302724,-0.0151749058053279,faces
173,2,Adults,f,-0.186942980430934,-0.191265556224545,-0.419294736358483,0.0250058151773655,0.00432257579361056,0.444300551535849,objects
173,2,Adults,o,-0.0271707290779887,-0.110246863823549,-0.349945660849364,-0.671257829272927,0.0830761347455601,-0.321312168423564,faces
175,2,Adults,f,-0.480714721185228,-0.399566417240782,-0.0380878957782313,-0.372979808866243,-0.0811483039444456,-0.334891913088011,objects
175,2,Adults,o,-0.429019285915045,-0.353533295396622,-0.717005205072463,-0.548997344024542,-0.075485990518423,0.168007861047921,faces
179,1,Children,f,-0.154251133189117,-0.0361775220709802,0.108222063093017,0.456405240992011,-0.118073611118137,0.348183177898994,objects
179,1,Children,o,0.156522877621429,-0.0821540786217828,-0.0839856603798567,0.300965234958709,0.238676956243212,0.384950895338566,faces
181,1,Adults,f,-0.233911377469309,-0.378287276400227,-0.842715226076539,-0.741434396995379,0.144375898930918,0.10128082908116,objects
181,1,Adults,o,-0.395070121108152,-0.399461253757544,-0.431165048219482,-0.496799880337485,0.00439113264939112,-0.0656348321180039,faces
183,2,Adults,f,-0.193457412135664,-0.0246094452722042,-0.0953684843478552,-0.280852165371382,-0.16884796686346,-0.185483681023527,objects
183,2,Adults,o,-0.137785803535407,-0.0402404422189506,-0.0579588622930111,-0.29042255518105,-0.0975453613164566,-0.232463692888039,faces
184,1,Adults,f,-0.213987644543004,-0.326404823188481,-0.399623731059965,-0.33772477014035,0.112417178645477,0.0618989609196158,objects
184,1,Adults,o,-0.259971579675257,-0.257251405446565,-0.442477755768432,-0.408082875428825,-0.00272017422869192,0.034394880339607,faces
185,1,Adults,f,-0.229592514284588,-0.360093860974952,-0.0594359276318767,-0.1016093514292,0.130501346690363,-0.0421734237973236,objects
185,1,Adults,o,-0.189368218675217,-0.205323298863548,-0.330672434891919,-0.359806594918366,0.015955080188331,-0.0291341600264469,faces
186,1,Adults,f,-0.614501377492774,-0.47083861378608,-0.514288481972914,-0.463171469107519,-0.143662763706694,0.0511170128653946,objects
186,1,Adults,o,-0.403860295801381,-0.544321864401085,-0.394862503619825,-0.44255889653074,0.140461568599705,-0.0476963929109154,faces
187,1,Adults,f,-0.209419587026119,-0.160576215116484,-0.52684251288029,-0.430004707654185,-0.0488433719096351,0.0968378052261045,objects
187,1,Adults,o,-0.281593128218282,-0.158799768873409,-0.266716995948669,-0.293299477208655,-0.122793359344874,-0.0265824812599862,faces
188,1,Adults,f,-0.305421479791715,-0.170789750303385,-0.16381469804155,0.00731345963341858,-0.13463172948833,0.171128157674969,objects
188,1,Adults,o,-0.0799683710159771,-0.175648256366244,-0.058642886020976,-0.102102333758209,0.0956798853502673,-0.0434594477372326,faces
189,2,Adults,f,0.23300801323309,0.0810434870042882,0.217693029036741,0.124696380160422,0.151964526228802,-0.0929966488763194,objects
189,2,Adults,o,0.153032191716126,0.121174820529649,0.321629605908988,0.214157124118546,0.0318573711864771,-0.107472481790442,faces
190,2,Adults,f,0.0547877921487805,0.0914909018355262,-0.136132670278663,0.127479915198651,-0.0367031096867457,0.263612585477314,objects
190,2,Adults,o,0.103192853814431,0.106075619984017,-0.208763824714357,-0.0300122085497837,-0.00288276616958574,0.178751616164573,faces
191,2,Adults,f,0.130222589165894,0.105048149899653,0.0563185569194921,0.32204167129261,0.0251744392662404,0.265723114373118,objects
191,2,Adults,o,0.12980487007621,0.135940927750374,0.266944667409558,0.031758129016183,-0.00613605767416406,-0.235186538393375,faces
192,2,Adults,f,-0.0166701299234953,-0.115408482216152,-0.031777718345722,-0.21709421659254,0.0987383522926565,-0.185316498246818,objects
192,2,Adults,o,-0.154955749541546,-0.0714432664842861,-0.28958760630113,-0.0787137312821554,-0.0835124830572603,0.210873875018974,faces
193,1,Adults,f,-0.266654607659049,-0.291657437151626,-0.0797302440893923,-0.0744697875995989,0.0250028294925773,0.00526045648979338,objects
193,1,Adults,o,-0.237232523334576,-0.238346231707457,-0.240151604283336,-0.135005607780643,0.00111370837288119,0.105145996502693,faces
194,1,Children,f,-0.31054024322518,-0.292837864296743,-0.252989600686858,-0.179576567891432,-0.0177023789284375,0.0734130327954261,objects
194,1,Children,o,-0.29398100726399,-0.354411420101949,,-0.123984840718997,0.0604304128379589,,faces
195,1,Adults,f,-0.185869414562986,-0.148903747218803,-0.307271992694168,-0.129863500247187,-0.0369656673441833,0.177408492446981,objects
195,1,Adults,o,-0.232459345042373,-0.162061013152759,-0.406475867865665,-0.125027499978706,-0.0703983318896141,0.281448367886958,faces
197,1,Adults,f,-0.239688525453455,-0.16898478480425,-0.32799151809744,-0.225634653331091,-0.0707037406492052,0.102356864766348,objects
197,1,Adults,o,-0.196003035312962,-0.256199160608077,-0.22462496650052,-0.16986634910174,0.060196125295115,0.05475861739878,faces
198,2,Adults,f,-0.154597353342832,-0.0914115174961275,0.283410130157047,-0.113222755749373,-0.0631858358467041,-0.39663288590642,objects
198,2,Adults,o,-0.00955340080608836,-0.0658310793334243,-0.243006775266754,-0.212599867623944,0.056277678527336,0.0304069076428102,faces
201,2,Adults,f,-0.0119856415245095,-0.0286486956531148,-0.0929559476429294,-0.265566314321422,0.0166630541286052,-0.172610366678493,objects
201,2,Adults,o,-0.0837329186661179,-0.0660372316850513,0.0252555183398781,0.0414670278558495,-0.0176956869810666,0.0162115095159714,faces
202,1,Adults,f,-0.131685024339288,-0.14935148695568,-0.327626948513107,0.0707586613764252,0.0176664626163926,0.398385609889532,objects
202,1,Adults,o,-0.197001870941093,-0.36491003849148,0.193814883734193,0.060240992858629,0.167908167550387,-0.133573890875564,faces
203,2,Adults,f,-0.264868443116723,-0.234065297631933,,-0.196887993480141,-0.0308031454847896,,objects
203,2,Adults,o,-0.27046478628459,-0.202361162514112,-0.349175740667685,-0.0375651379225589,-0.0681036237704777,0.311610602745126,faces
204,1,Adults,f,0.0860742442268926,0.00976999827239676,0.0950480498371629,0.21311010484934,0.0763042459544958,0.118062055012177,objects
204,1,Adults,o,0.0318615324145603,0.033740882500813,0.118966215419671,0.160259812549821,-0.00187935008625272,0.04129359713015,faces
205,1,Adults,f,-0.0796775719358299,-0.273658351308932,-0.237489555442432,-0.00185404973719413,0.193980779373102,0.235635505705238,objects
205,1,Adults,o,-0.188346772866029,-0.279621720021562,-0.436858891037845,0.000504522415697506,0.091274947155533,0.437363413453543,faces
207,2,Adults,f,-0.356247545108476,-0.296715052145191,-0.414711283212303,-0.364280270268215,-0.0595324929632856,0.0504310129440881,objects
207,2,Adults,o,-0.393333181035772,-0.379096156431703,-0.200096759502995,-0.248222160056569,-0.0142370246040688,-0.0481254005535732,faces
208,2,Adults,f,-0.0685818951506042,-0.115162999092971,-0.201681467350889,0.123551989188462,0.0465811039423663,0.325233456539351,objects
208,2,Adults,o,-0.0910833124494837,-0.12980831221538,0.218174486310136,-0.0625525492120295,0.0387249997658958,-0.280727035522165,faces
209,1,Adults,f,-0.390735809685899,-0.327528315799757,-0.219964192843039,-0.356034194620173,-0.0632074938861419,-0.136070001777133,objects
209,1,Adults,o,-0.401054028619622,-0.403548201067631,-0.150214745540323,-0.229961242352955,0.00249417244800965,-0.0797464968126324,faces
210,1,Adults,f,0.181353155893855,0.20940337639366,0.243841686559311,0.132702974010787,-0.0280502204998053,-0.111138712548524,objects
210,1,Adults,o,0.192647709189702,0.186586026558977,0.138762364458563,0.156372771950635,0.00606168263072585,0.0176104074920714,faces
212,1,Children,f,-0.277007174987843,-0.118015783748356,-0.555750579315479,-0.132962845935039,-0.158991391239487,0.422787733380439,objects
212,1,Children,o,-0.0796754353541917,-0.105216482464688,-0.227641377680914,-0.0834849646289434,0.0255410471104967,0.14415641305197,faces
213,2,Adults,f,-0.200185263415264,-0.216190790404262,-0.494027632989669,-0.277600145983304,0.0160055269889978,0.216427487006365,objects
213,2,Adults,o,-0.170993028989045,-0.180743298161685,-0.392599440703233,-0.198936010364851,0.00975026917264071,0.193663430338382,faces
214,2,Adults,f,-0.34767142737706,-0.378101741140423,-0.270389009812887,-0.423141028709733,0.0304303137633636,-0.152752018896846,objects
214,2,Adults,o,-0.389846942399805,-0.338913334714707,-0.417886350380971,-0.0880775611203891,-0.0509336076850987,0.329808789260581,faces
215,2,Adults,f,0.100595055683299,-0.0450857468243544,-0.0266966469178037,-0.0623759472335391,0.145680802507654,-0.0356793003157354,objects
215,2,Adults,o,-0.0841754611808981,-0.0134135805292207,-0.737824311408723,-0.455840986724802,-0.0707618806516773,0.281983324683921,faces
216,1,Children,f,-0.0348455074463178,-0.104323753606991,-0.0322838808533966,-0.114590454014067,0.069478246160673,-0.0823065731606706,objects
216,1,Children,o,0.0569457249752259,-0.0461665962418427,-0.357923289400997,-0.586471344735872,0.103112321217069,-0.228548055334875,faces
217,1,Children,f,0.0641556463445613,0.0200328057812459,-0.150921508523811,0.0755838017742122,0.0441228405633154,0.226505310298023,objects
217,1,Children,o,-0.0133784565876384,0.0305016659888542,-0.0540908434067515,0.181719287053356,-0.0438801225764926,0.235810130460108,faces
219,1,Children,f,-0.0492055988639451,-0.0567862501367467,-0.108282482050126,0.0481424604861389,0.00758065127280158,0.156424942536265,objects
219,1,Children,o,-0.143594330511897,0.0204132942509571,-0.0217465816202277,-0.0590689663498996,-0.164007624762854,-0.0373223847296719,faces
